,song_id,song_artist,song_lyrics
0,6147867,STAYC(스테이씨),"[On my head
In my face
홀린 건지 꿈인 건지 oh 이상해
잠에서 뒤척이다 깰 때도
웃음이 나 그날의 말 오늘도
언제부터일까 insane
어려웠던 우리 사인 마치 mathematic
Now I feel I'm floating all day
모든 게 떠있는 것 같아
꿈만 같아 yeah
I WANT YOU BABY
별을 헤는 밤
별을 따다 줄 널 원해
Just want you baby
비워진 내 맘
가득 담아 줄 널 원해 I love ya
Cause I'm crazy in love
Crazy in love
I'm crazy in love
Crazy in love with star
I WANT YOU BABY
오늘 같은 밤
I knew that you were thinking 'bout me
Hey my babe
Watch me babe
Oh 암말 없이 보기만도 좋은 걸
귀찮은 건 없어 너와의 관계는
움직여져 모든 게 다 네게로
가까이 와 널 보고 싶어 매일
어디든 날 찾아와 like the mage
And come into my heart
셀 수 없을 만큼 안고 싶어
안고 싶어 yeah
I WANT YOU BABY
별을 헤는 밤
별을 따다 줄 널 원해
Just want you baby
비워진 내 맘
가득 담아 줄 널 원해
I love ya
Cause I'm crazy in love
Crazy in love
I'm crazy in love
Crazy in love with star
I WANT YOU BABY
오늘 같은 밤
I knew that you were thinking 'bout me
오늘 이 밤 끝나겠지만 I'm fine
너와 나 둘을 비춰줄 거야
사랑은 좀 서툴겠지만 all right
You could be my only star
I WANT YOU BABY
별을 헤는 밤
별이 되어 줄 널 원해 (I love you)
Just want you baby
채워질 내 맘
한껏 안아 줄 널 원해 I love ya
Cause I'm crazy in love
Crazy in love
I'm crazy in love
Crazy in love with star
I WANT YOU BABY
오늘 같은 밤
I knew that you were thinking 'bout me]"
1,6189185,STAYC(스테이씨),"[STAYC girls it's going down
STAYC
남의 말은 짜릿해
앞뒤로들 Make a fool
내가 볼 땐 아닌데
자기들만 Act so cool
상상은 자윤데 No way
진짜라고 믿거든
왜 자꾸 돌아가려 해
답답해 How can I say
서두르지 마 No hurries
Anyway anyway
우린 다 이번 생은 처음이잖아
정답은 없어 One hunnit
그런 기대감 내려놔 실망도 크니까
Quiet please 비행기 모드로
편히 앉아 불필요한 말 속으로
내가 원할 때만 버튼 Ooh yeah
Yeah yeah yeah yeah
바라만 봐 Just like
Teddy Bear ooh
Teddy Bear ooh
Teddy Bear ooh yeah
Pump pump pump pump it up
Teddy Bear
No no no 멋이 없어 매일매일
똑똑 말로만 So good
뻔뻔해 넌 마치 Like J J
Bang bang
Don't talk about it be about it
or you will lose
욕심이 과해
Always wake it up it's your 꿈
서두르지 마 No hurries
Anyway anyway
우린 다 이번 생은 처음이잖아
정답은 없어 One hunnit
그런 기대감 내려놔 실망도 크니까
Quiet please 비행기 모드로
편히 앉아 불필요한 말 속으로
내가 원할 때만 버튼 Ooh yeah
Yeah yeah yeah yeah
바라만 봐 Just like
Teddy Bear ooh
Teddy Bear ooh
Teddy Bear ooh yeah
Pump pump pump pump it up
Teddy Bear
모드를 확실히 해
걱정이 아니면 참견
Call it now call it now
질투일지도 몰라
잘 하고 있는 건 나
So keep it down 네가 원하는 건 뭘까
Quiet please 비행기 모드로
편히 앉아 불필요한 말 속으로
내가 원할 때만 버튼 Ooh yeah
Yeah yeah yeah yeah
바라만 봐 Just like
Teddy Bear ooh
Teddy Bear ooh
Teddy Bear ooh yeah
Pump pump pump pump it up
Teddy Bear]"
2,6189186,STAYC(스테이씨),"[STAYC girls it's going down

평소완 달라 너답지 않아 Yeah
걱정은 말고 Rush outside
Hurry up! yeah
거품 톡톡 터지는 Drink 이건 마치
멋대로 두근대는 My heart
Don't stop me
 
달콤하기만 한 감정과는 달라
숨이 막힐 듯이 가득 차올라 Give me more
멈춰 설 수 없는 이 떨림은 정말  
This is what I'm looking for
(3. 2. 1 Go!)
 
Poppy Poppy
Pop Poppy Poppy Poppy Love Love
Poppy Poppy
Pop Poppy Poppy Poppy Love Love
Poppy Poppy
Pop Poppy Poppy Poppy Love Love
Poppy Poppy
Pop Poppy Poppy Poppy Love Love

이런 게 사랑 맞지?
짜릿하게 톡 쏘는
투명한 우리 사이
고민은 No no no
멋대로 흔들린 탄산 틀림없이 
터질 것 같아 Poppy Poppy Love yeah
 
실망할 리 없어 I bet
언제든지 I am all set
시작한 건 절대 Don't stop
난 지킬 약속만 하지 No lie

막 밀고 당기기보단 
확실한게 더 좋은걸 
지금 내 마음이 말하니까 Yeah
 
달콤하기만 한 감정과는 달라
숨이 막힐 듯이 가득 차올라 Give me more
멈춰 설 수 없는 이 떨림은 정말  
I only know who I am hoo hoo

Poppy Poppy
Pop Poppy Poppy Poppy Love Love
Poppy Poppy
Pop Poppy Poppy Poppy Love Love
Poppy Poppy
Pop Poppy Poppy Poppy Love Love
Poppy Poppy
Pop Poppy Poppy Poppy Love Love

이런 게 사랑 맞지?
짜릿하게 톡 쏘는
투명한 우리 사이
고민은 No no no
멋대로 흔들린 탄산 틀림없이 
터질 것 같아 Poppy Poppy Love yeah

거품과는 달라 사라지지 않아
녹아든 마음은 넘쳐흐르고 있어
맘을 두드리는 Every time
벗어날 수 없어 너에게 빠져 On my mind
Oh

Poppy Poppy
Pop Poppy Poppy Poppy Love Love
Poppy Poppy
Pop Poppy Poppy Poppy Love Love
Poppy Poppy
Pop Poppy Poppy Poppy Love Love
Poppy Poppy
Pop Poppy Poppy Poppy Love Love

Poppy Poppy
Pop Poppy Poppy Poppy Love Love
Poppy Poppy
Pop Poppy Poppy Poppy Love Love]"
3,6127795,STAYC(스테이씨),"[There's something to tell you
You want me to share it with you?
STAYC girls it's going down
오늘 유난히 티가 더 나는 걸
모두 쳐다보는 게 다 보여
왠지 그럴수록 더 난 당당해져
기분 좋아지는 걸
머릴 넘기며 어디든 지나가네
내 달콤한 향수가 흩날리게 Yeah
항상 날 꾸미는 게 좋아
예쁜 게 좋아 근데 들어봐 Yeah
나도 알아 내 모습이
이뻐 보일지도 당돌한 걸지도
자꾸만 널 유혹하듯
보이겠지만 미안하지만
색안경을 끼고 보지 마요
난 좀 다른 여자인데
겉은 화려해도 아직 두려운 걸
You should know
I'm a good girl yeah
너무 세게 안으면 숨 막혀요
조금 서투를지도 난 아직도
색안경을 끼고 보지 마요
Oh baby baby baby
패션은 과감한 게 좋아 Like it uh huh
튀는 게 좋아 어떻게든 소화 Yeah
가끔 나조차 진짜 내 맘을 몰라
그런 나지만
나도 알아 내 모습이
이뻐 보일지도 당돌한 걸지도
자꾸만 널 유혹하듯
보이겠지만 미안하지만
색안경을 끼고 보지 마요
난 좀 다른 여자인데
겉은 화려해도 아직 두려운 걸
You should know
I'm a good girl yeah
너무 세게 안으면 숨 막혀요
조금 서투를지도 난 아직도
색안경을 끼고 보지 마요
Oh baby baby baby
Alright alright 드러나는 모습뿐인걸
Oh why oh why 눈으로만 날 판단하지 않길
Oh 꾸미지 않은 내 모습
Oh 있는 그대로의 모습
좋아해 줘 아직 여린 내 맘
꼭 알아줬으면 해
색안경을 끼고 보지 마요
난 좀 다른 여자인데
겉은 화려해도 아직 두려운 걸
You should know
I'm a good girl yeah
너무 세게 안으면 숨 막혀요
조금 서투를지도 난 아직도
색안경을 끼고 보지 마요
Oh baby baby baby]"
4,6102049,STAYC(스테이씨),"[STAYC girls it's going down
Time is running boy 그건 누구에겐 돈
You know I'm so dope 더는 못 기다려 줘
원래 나는 좀 참을성이 없는 몸
솔직한 게 좋은 걸 But you gotta know
Yeah e yeah
달콤하기만 해도 싫어 So check it
매너 좋은 거 착한 거는 나도 구분해 E yeah
순간 반짝할 거면 시작도 않는 걸
Sometimes 내가 생각해도
I think I'm really cool
ASAP 내 반쪽 아니 완전 Copy
나와 똑같아 내 맘 잘 알아줄
ASAP 꼭 닮은 내 Decalcomanie
눈앞에 나타나 줘
ASAP
Whoo woo woo woo
ASAP
Whoo woo woo woo
눈앞에 눈앞에 나타나 줘
No I'm not picky 가끔 까탈스럽대
It's ok but I care
콧대 높대 아닌데 Get it
이해하게 될 걸 너만 나타나면
So baby hurry up I'm just waiting on
달콤하기만 해도 싫어 So check it
겉만 그런지 진심인지 나도 구분해 E yeah
금방 타오른다면 쉽게 꺼지는 걸
Sometimes 내가 생각해도
I think I'm really cool
ASAP 내 반쪽 아니 완전 Copy
나와 똑같아 내 맘 잘 알아줄
ASAP 꼭 닮은 내 Decalcomanie
눈앞에 나타나 줘
ASAP
Whoo woo woo woo
ASAP
Whoo woo woo woo
눈앞에 눈앞에 나타나 줘
실제론 어떤 느낌인 걸까
A beautiful a beautiful love
한 번도 느껴본 적 없는 걸
So where you at 기다리고 있는데
ASAP
ASAP 내 반쪽 아니 완전 Copy
나와 똑같아 내 맘 잘 알아줄
ASAP 꼭 닮은 내 Decalcomanie
눈앞에 나타나 줘
ASAP
Whoo woo woo woo
ASAP
Whoo woo woo woo
눈앞에 눈앞에 나타나 줘]"
5,6127796,STAYC(스테이씨),"[Hello 안녕 난 잘 지내
때론 혼자 중얼거리곤 해
Hello 안녕 난 잘 지내
들어줄 사람이 없는데도
처음 날 꼭 안아주던 날 그때처럼
가만히 눈을 감아 느껴지는 걸 Oh
변한 건 없어 잠시 멈춰 있을 뿐
내 맘은 움직이지 않아 절대
이대로 난 있을게
Oh I'll BE THERE
오 내 안에 너만 있어 그건 분명해
모르는 척해도 돼
내 맘속에
네가 아직 남아 있는 것도
사랑이란 것도
Boy I'll BE THERE
끝났다고 해 다들 No no
이젠 무시해 다 지겨워
잊으라고 해 다들 No no
그럴수록 더 난 못 잊어
Whenever whenever 네 생각뿐
한 번도 널 생각하지 않은 적 없어
You should know gotta know
그대론 걸
You know that I'll BE THERE
I'll BE THERE
처음 날 꼭 안아주던 날 그때처럼
가만히 눈을 감아 느껴지는 걸 Oh
변한 건 없어 잠시 멈춰 있을 뿐
내 맘은 움직이지 않아 절대
이대로 난 있을게
Oh I'll BE THERE
오 내 안에 너만 있어 그건 분명해
모르는 척해도 돼
내 맘속에
네가 아직 남아 있는 것도
사랑이란 것도
Boy I'll BE THERE
아무도 없이 난 이렇게
가끔은 눈물 흘리곤 해
어쩜 다 잊은 건 아닌지
하나도 남아있지 않은지 Yeah
다시 또 나타나 줘
사라지지 말아 줘
Oh baby I wanna be with you
이대로 난 있을게
Oh I'll BE THERE
오 내 안에 너만 있어 그건 분명해
모르는 척해도 돼
내 맘속에
네가 아직 남아 있는 것도
사랑하고 있는 것도
Hello 안녕 잘 지내니
기다리고 있어 Boy I'll BE THERE]"
6,6015754,STAYC(스테이씨),"[STAYC girls it's going down
You stole my heart
내 맘을 뺏지
I need your love
사랑의 Patch가
필요해 니 옆에
불러줘 And I'll never go away
마음속에 모든 걸
다 보여주면 서툴러
철이 없다 해도 괜찮아 난
그게 좋아
Baby 아무리 밀어내도
변하지가 않는 걸
너를 좋아하는 건 분명
어쩔 수 없는 걸
정말야 I want you SO BAD
난 니가 필요해 Yeah
내 내 내 내 내 머리 머리 내 머릿속이
너로 가득해 Baby
첨부터 I want you SO BAD
멈출 수 없어 절대
내 내 내 내 내 맘이 맘이 내 맘이 아파
너땜에
Never never never never never
숨기지 못해
난 Nah nah nah nah nah nah nah
달라져 또 밀고 당기는거
한다고 더 내 맘 잘 알아줘
How do you think
How do you think yeah yeah
STAYC girls yeah it's going down
눈으로만 모든 걸
다 알 수 없어 섣불러
잘못 봤다 해도 괜찮아 난
니가 좋아
Baby 아무리 밀어내도
변하지가 않는 걸
너를 좋아하는 건 분명
어쩔 수 없는 걸
정말야 I want you SO BAD
난 니가 필요해 Yeah
내 내 내 내 내 머리 머리 내 머릿속이
너로 가득해 Baby
첨부터 I want you SO BAD
멈출 수 없어 절대
내 내 내 내 내 맘이 맘이 내 맘이 아파
너땜에
솔직히 난 사랑을 잘 몰라
그래서 겁이 나 그래도 난 좋아
서투른 내 맘을 알아줘 Baby
모른 척 떠나지 말아줘 You've got a feeling
You know you've got that feeling
I want you SO BAD
You stole my heart
맘을 뺏겼지
I need your love
니 맘도 같길
I want you bad
Yeah so bad
불러줘 And I'll never go away
정말야 I want you SO BAD
난 니가 필요해 Yeah
내 내 내 내 내 머리 머리 내 머릿속이
너로 가득해 Baby
첨부터 I want you SO BAD
멈출 수 없어 절대
내 내 내 내 내 맘이 맘이 내 맘이 아파
너땜에
Never never never never never
숨기지 못해
난 Nah nah nah nah nah nah nah]"
7,6102050,STAYC(스테이씨),"[묻지마 묻지마 My life
지금 걱정은 다 내일 해
다 귀찮아 피곤해 왜
이렇게 사는 게 어때
앞에서 뒤에서 Hate me
신경 안 쓸 거야 yeah yeah yeah
어쩜 난 쿨 하지가 못해 뭐 어때 woo
괜찮아 니가 날 볼 때
답답해 이해 안된 대도 OK
Wake up wake up wake up
바뀔 맘 없어 꿈 깨
woo
Just like sunday morning
woo
날 좀 내버려 둘래
생각이 너무 많아도 몸이 무거워
그럴 때는 비워 버려 SO WHAT
쉽게 생각해 SO WHAT
이래도 될까 싶을 정도로 비워 둬
You know 때론 때론 천천히 가도 돼
이렇게 말해봐 SO WHAT
늦게 자도 돼 늦게까지 자도 돼
씻지 않는 건 별로 싫지 않은 걸
조금 살이 쪄도 걱정하지 마마
몸무게는 그저 숫자일 뿐 야야
Wait wait wait wait
언젠가 더 크게 부담이 될 거라고
It’s OK It’s OK
걱정마 괜찮아
나중 일 나중에
고민해도 되잖아
woo
Just like sunday morning
woo
날 좀 내버려 둘래
생각이 너무 많아도 몸이 무거워
그럴 때는 비워 버려 SO WHAT
쉽게 생각해 SO WHAT
이래도 될까 싶을 정도로 비워 둬
You know 때론 때론 천천히 가도 돼
이렇게 말해봐 SO WHAT
I think we need to just take it slow
복잡하게 생각하지 말고 Let it go
I think we need to just take it slow
틀린 게 아니고 다른 것뿐 You should know
STAYC GO
생각이 너무 많아도 몸이 무거워
그럴 때는 비워 버려 SO WHAT
쉽게 생각해 SO WHAT
이래도 될까 싶을 정도로 비워 둬
You know 때론 때론 천천히 가도 돼
이렇게 말해봐 SO WHAT
생각이 너무 많아도 몸이 무거워
그럴 때는 비워 버려 SO WHAT
쉽게 생각해 SO WHAT
이래도 될까 싶을 정도로 비워 둬
You know 때론 때론 천천히 가도 돼
이렇게 말해봐 SO WHAT]"
8,6015755,STAYC(스테이씨),"[STAYC girls it's going down
콧노래 부르곤 해
Oh 니가 곁에 없을 때도
같이 있을 때도
할 일이 산더민데
Oh 하나도 겁나지 않은 걸
Yeah 기분이 안 좋아도 난 Okey dokey
널 바라보기만 해도
난 좋아 Like puppy puppy
Everyday day
Everything thing
넌 정말 달콤해
You're so sweet like cake cake
사랑은 꼭 바다와 같다고 하지만
깊어질수록 위험하다고 하지만
너뿐인걸
하루종일 생각하는 사람 너뿐
처음인걸
너도 나와 같지 맞지 Like this
맞지 맞지 나랑 같지
그치 맞지 Like this
반대로 말하게 돼
괜히 심술부리게 돼
장난치고 싶네
뻔뻔해지기도 해
나도 참 이상해 My babe
운전은 못하지만 I'm a racer
누가 더 좋아해 겨루네
But ain't no danger
절대로 Never never no one ever
Can take your place boy
우리 둘 사인 절대 아무도 못 떼는 걸
사랑은 꼭 상처를 준다고 하지만
언젠가는 아프게 될거라 하지만
너뿐인걸
하루종일 생각하는 사람 너뿐
처음인걸
너도 나와 같지 맞지 Like this
맞지 맞지 나랑 같지
그치 맞지 Like this
You're my boy
And I'm yours for sure yeah
서로 약속해
절대 떠나지 않기로
너뿐인걸
하루종일 생각하는 사람 너뿐
처음인걸
너도 나와 같지 맞지 Like this
맞지 맞지 나랑 같지
그치 맞지 Like this]"
9,32542095,STAYC(스테이씨),"[쏟아지는 밤하늘의 별
하나하나 세다 지칠 때까지
날 따라오는 달을 보다가
잠이 들어도 좋아
향기로운 저 꽃잎처럼
피어나는 추억이 그리워
구름을 따라 흘러가듯이
우리 다시 또 만날 수 있을 것 같아
함께 바라보던 저 밤하늘에
저 별빛이 우릴 비춰주면
가만히 눈감아 미소 지었던
그때가 아직도 그리워져
매일 마음이 닿는 거리에
걸음을 따라 움직였었지
괜히 또 눈물 나나 봐 나의 소중한 그날
쏟아지는 밤하늘의 별
하나하나 세다 지칠 때까지
날 따라오는 달을 보다가
잠이 들어도 좋아
향기로운 저 꽃잎처럼
피어나는 추억이 그리워
구름을 따라 흘러가듯이
우리 다시 또 만날 수 있을 것 같아
계절이 변해도 떠오르나 봐
너와 걷던 이 길 풍경까지
그것만으로도 나는 행복해
좋은 추억만을 남겨줘서
기분 좋은 바람이 불어와
좋은 향기가 나를 스치면
그때 기억이 살아나 미소 지어진 이 밤
잊지 못할 밤하늘의 별
하나하나 눈에 담을 때까지
난 기억할게 나의 그때를
서투른 추억 영원토록 간직할게
까만 밤하늘에
밝은 별이 뜨면
너를 생각할게
행복했었던 기억들을
모두 모아서 너에게 선물할게]"
10,6212752,STAYC(스테이씨),"[Check it out now
S.T.A.Y.C GO!

Iffy yo iffy yeah 이불 밖은 위험해
Let it go let it pass 좋은 것만 기억해
빙글빙 빙글뱅 안 돌리고 싶어 해
Listen up listen up 나다운 게 필요해

Let me go let me say
이제 그만 hate or hate
Hello hello punch you like a 808
나는 나 너는 너 전혀 문제없는걸
다른 것과 틀린 건 달라

동그라미 원하지
미래는 그 누구도 몰라 Nobody knows
어쩌지 I can't be 어디로 튈지 몰라
Stupid stop
잔소린 Bubble Bubble Bubble
잔소린 Bubble Bubble Bubble
I'm sorry Bubble Bubble Bubble

참 많은 걸 꿈이 말야 가끔 세곤 해
궁금한 건 참지 못해 그냥 해볼래
제멋대로래 가끔 생각 없어 보인대
어쩌겠어 뭘 해도 난 절대 안 변해
Let me go let me say
이제 그만 hate or hate
Hello hello punch you like a 808
나는 나 너는 너 전혀 문제없는걸
다른 것과 틀린 건 달라

동그라미 원하지
미래는 그 누구도 몰라 Nobody knows
어쩌지 I can't be 어디로 튈지 몰라
Stupid stop
잔소린 Bubble Bubble Bubble
잔소린 Bubble Bubble Bubble
I'm sorry Bubble Bubble Bubble

They say I'm in trouble
사라질 거품뿐인걸 너무 흔들리지 마
That's me
So what
다르면 어때 특별한데

동그라미 원하지
미래는 그 누구도 몰라 Nobody knows
어쩌지 I can't be 어디로 튈지 몰라
Stupid stop
잔소린 Bubble Bubble Bubble
잔소린 Bubble Bubble Bubble
I'm sorry Bubble Bubble Bubble]"
11,6212753,STAYC(스테이씨),"[Talk to me talk to me blah blah blah
So tell me what you want from me
어쩜 난 뻔뻔해 뻔뻔해 but I like it
I want you to respect me
다른 건 나 틀린 건 너
보고 싶은 대로 보는 건 so wrong
차라리 솔직히 솔직히 말해줘
So it's a kind of jealousy

그 누구도 can't live forever
So 원하는 게 생기면 쫓아 난 never ever
그래 I never give up
이건 내 자존심인 걸 I like that
눈치 보고 살고 싶지 않아
눈치 없는 type도 아냐 big ego in me
I'm telling the world so
Can't you hear me didididididi

Talkin to myself yeah
I'm so proud of you
감추지 않아 I'm good

So that's why I'm not like you
That that's why I'm not like you
That that's why I'm not like you
That that's why I'm not like you
So that's why I'm not like you

Yeah lodi dodi we like to party
Simple 한 것보다는 I'm so busy
그래 I enjoy my life
이건 내 policy인 걸
조마조마 내 맘 알아줄까
주저하는 type도 아냐 big ego in me
I'm telling the world so
Can't you hear me didididididi

Talkin to myself yeah
I'm so proud of you
감추지 않아 I'm good

So that's why I'm not like you
That that's why I'm not like you
That that's why I'm not like you
That that's why I'm not like you
So that's why I'm not like you

That's na na na you can never hold me down
That's na na na 누가 뭐래도 my life
That's na na na you can never hold me down
정해진 건 없지 so there's no answer, right?

Talk to me talk to me blah blah blah
So tell me what you want from me
어쩜 난 뻔뻔해 뻔뻔해 but I like it
I want you to respect me
Talk to me talk to me blah blah blah
So tell me what you want from me
어쩜 난 뻔뻔해 뻔뻔해 but I like it
I want you to respect me]"
12,6212754,STAYC(스테이씨),"[뻔하지만 달라 첨이니까
기분 낼 땐 떠나 최고니까
Why don't you ride on ride on ride on it
Just drive on drive on drive on ay
날 한껏 바꿔버린 trouble, day &amp; night
But 탓하진 않아 because I'm so tight
멀리 있지 않아
S극 N극 사이
자석처럼 by your side (oh yeah yeah)

저 한켠에 자고 있는 내 phone이
아직 눈을 감고 있는데
I just wanna look at your face

Just call me ma babe
다 어렵게 느껴질 땐
언제든 손잡아 줄 텐데 꼭 안아줄게
I'll always be with you
I wanna do
All I wanna do
천천히 와 내게 기대
Just call me I'll always be with you
멈춰도 괜찮아 첨이니까
힘들 땐 소리쳐 봐 지겨우니까
Why don't you try it try it try again
You'll smile on smile on smile on it
꼭 부딪힌 것처럼 step은 lay back
아파야 철든다고
대체 누가 그런 건데
I wanna have a good day yeah
그런 말은 듣지 않아 (oh yeah yeah)

저 한켠에 자고 있는 내 phone이
아직 눈을 감고 있는데
I just wanna look at your face

Just call me ma babe
다 어렵게 느껴질 땐
언제든 손잡아 줄 텐데 꼭 안아줄게
I'll always be with you
I wanna do (love you more)
All I wanna do
천천히 와 내게 기대
Just call me I'll always be with you
I wanna do (love you more)
All I wanna do
Just call me I'll always be with you]"
13,6212755,STAYC(스테이씨),"[네 답이 늦을 때면
기다리지 않을래
사실은 거짓말이야
좀 복잡해지곤 해
(You know that)
Look, 난 쉽게 푹 빠져들어서
나 혼자 감당 안 되기도 해
평소엔 숨기고 있지만
넌 알아줬으면 해

Aye, 넘어지지 않게 딴생각 못 하게
Won't you hold me back

Don't you wanna be mad in love (no no)
You better be mine be mine be mine
You're gonna be deep in love (no no)
So won't you be mine be mine be mine
나 혼자 막 생각이 많아도
Imma needy 내가 좀 보채도
무심한 듯 cool 하지 못해도
Be mine be mine be mine
My only babe

So gimme more time baby
Nah, what you say, ah, look at me
Yah, chemistry, fantasy
Ay ay, 일로 와
Nah nah, hesitate
오늘도 이렇게 상상
(So what)

Aye, 이기적이지만 좀 불안하지만
Won't you hold me back

Don't you wanna be mad in love (no no)
You better be mine be mine be mine
You're gonna be deep in love (no no)
So won't you be mine be mine be mine
나 혼자 막 생각이 많아도
Imma needy 내가 좀 보채도
무심한 듯 cool 하지 못해도
Be mine be mine be mine
My only babe

내 감정에 참 서툴지만
아직 날 잘 모르지만
지금 느껴지는 oh 이 맘은 잘 알아
Won't you be my only love
Be my only love

Don't you wanna be mad in love (no no)
You better be mine be mine be mine
You're gonna be deep in love (no no)
So won't you be mine be mine be mine
Tell me what you think 'bout me oh love
(Be mine be mine be mine)
Don't you ever oh, ever stop our love
(Be mine be mine)
My only babe
My only babe]"
14,6212756,STAYC(스테이씨),"[Check it out now
S.T.A.Y.C GO!

Iffy yo iffy yeah
I'm feeling some type of way
I'm too this, I'm too that
Whatever u say I am
Where u at, ETA
I don't even gotta wait
Listen up listen up
I just wanna be myself

Let em talk let em hate
I don't care I'm not afraid
U know I know they just gonna fade away
Let it go, elevate
Everyday I make my way
Can't nobody take away my love

동그라미
Yes you do
Tryna lock me in a bubble
I'm breaking free
Hey baby
Take my hand
We poppin

Ain't nothing can bring us down
They talkin bubble bubble bubble
They talkin bubble bubble bubble
We pop it bubble bubble bubble

Too much talking
But no walking so I walk away
Who's gonna stop me
That's a topic for another day
U could love or hate
Baby I will never change my ways
Can't nobody do it like me
Ima stay the same

Let em talk let em hate
I don't care I'm not afraid
U know I know they just gonna fade away
Let it go, elevate
Everyday I make my way
Can't nobody take away my love

동그라미
Yes you do
Tryna lock me in a bubble
I'm breaking free
Hey baby
Take my hand

We poppin
Ain't nothing can bring us down
They talkin bubble bubble bubble
They talkin bubble bubble bubble
We pop it bubble bubble bubble

They say I'm in trouble
They bunch of bubbles
It ain't no problem
Don't u worry bout
That's me
So what
I'm one of a kind and
I like it this way

동그라미
Yes you do
Tryna lock me in a bubble
I'm breaking freeHey baby
Take my hand
We poppin
Ain't nothing can bring us down
They talkin bubble bubble bubble
They talkin bubble bubble bubble
We pop it bubble bubble bubble]"
15,6212757,STAYC(스테이씨),"[Check it out now
S.T.A.Y.C GO!

Iffy yo iffy yeah
I'm feeling some type of way
I'm too this, I'm too that
Whatever u say I am
Where u at, ETA
I don't even gotta wait
Listen up listen up
I just wanna be myself

Let em talk let em hate
I don't care I'm not afraid
U know I know they just gonna fade away
Let it go, elevate
Everyday I make my way
Can't nobody take away my love

동그라미
Yes you do
Tryna lock me in a bubble
I'm breaking free
Hey baby
Take my hand
We poppin

Ain't nothing can bring us down
They talkin bubble bubble bubble
They talkin bubble bubble bubble
We pop it bubble bubble bubble

Too much talking
But no walking so I walk away
Who's gonna stop me
That's a topic for another day
U could love or hate
Baby I will never change my ways
Can't nobody do it like me
Ima stay the same

Let em talk let em hate
I don't care I'm not afraid
U know I know they just gonna fade away
Let it go, elevate
Everyday I make my way
Can't nobody take away my love

동그라미
Yes you do
Tryna lock me in a bubble
I'm breaking free
Hey baby
Take my hand

We poppin
Ain't nothing can bring us down
They talkin bubble bubble bubble
They talkin bubble bubble bubble
We pop it bubble bubble bubble

They say I'm in trouble
They bunch of bubbles
It ain't no problem
Don't u worry bout
That's me
So what
I'm one of a kind and
I like it this way

동그라미
Yes you do
Tryna lock me in a bubble
I'm breaking freeHey baby
Take my hand
We poppin
Ain't nothing can bring us down
They talkin bubble bubble bubble
They talkin bubble bubble bubble
We pop it bubble bubble bubble]"
16,32542096,STAYC(스테이씨),[]
17,96257815,STAYC(스테이씨),"[STAYC girls it's going down
気が抜けた 表情でわ Yeah
らしくないよ Rush outside hurry up yeah
いつもとは違う Drink片手に
高鳴り出した My heart
Don't stop me
甘さだけじゃ物足りないわ
染み渡るくらい刺激を Give me more
止まれないの この気持ちは
This is what I am looking for
3 2 1 go
Poppy poppy
Pop poppy poppy poppy love love
Poppy poppy
Pop poppy poppy poppy love love
Poppy poppy
Pop poppy poppy poppy love love
Poppy poppy
Pop poppy poppy poppy love love
シュワっとさせたい 変わりない心
ただ自分次第 遠慮は No no no
ほら淡い微炭酸みたいに
弾け出そう Poppy poppy love yeah
澄み切った透明度で
映す未来 No pain no gain
曲がらない Ray of my light
そう辿っていけば I'll be alright
恋愛や友情さえも
無理しなくていいよ
ありのままいたいから Yeah

自然と湧き立つ このfeeling
駆け引きはしないで いつも Go with the flow
誰かの真似だと意味ないわ
I only know who I am hoo hoo
Poppy poppy
Pop poppy poppy poppy love love
Poppy poppy
Pop poppy poppy poppy love love
Poppy poppy
Pop poppy poppy poppy love love
Poppy poppy
Pop poppy poppy poppy love love
シュワっとさせたい 変わりない心
ただ自分次第 遠慮は No no no
ほら淡い微炭酸みたいに
弾け出そう Poppy poppy love yeah
泡沫みたい 消えたりしない
溶けた期待 今溢れ出すの
開くたびに Every time
聞こえてくる 煌めく Sound of my mind oh oh
Poppy poppy
Pop poppy poppy poppy love love
Poppy poppy
Pop poppy poppy poppy love love (Love love)
Poppy poppy (Oh woah)
Pop poppy poppy poppy love love (Oh woah)
Poppy poppy
Pop poppy poppy poppy love love
Poppy poppy
Pop poppy poppy poppy love love
Poppy poppy
Pop poppy poppy poppy love love]"
18,6147862,STAYC(스테이씨),"[RUN
Told you not 또 괜한 기대
겉으론 걱정해 난 안 바뀌네
또 가끔 말을 막 해 너무 딱해
헛소리들 나는 안 들리네 No oh yeah
Told you 난 So always b day
겉으론 내 편인데 못해 이해
그 참견들은 가짜 나는 바빠
어떻게 해도 나는 안 들리네 No no oh
타 버리고 파 너의 사랑은 So sunny yeah
사라져도 사라져도
다 버리고 파 너만 있다면 No worry yeah
알잖아 It should be you
So I'LL RUN TO YOU
So I'LL RUN TO YOU
선을 넘는 거래도 Over and over
다쳐도 괜찮아 I'LL RUN TO YOU
So I'LL RUN TO YOU
A little bit little bit (Young)
A little bit little bit (Young)
A little bit little bit
알지 나의 Style
네가 어떤 너래도 Over and over
다쳐도 괜찮아 I'LL RUN TO YOU
JJ
물불 안 가리는 Type
I never 절대로 도도
망가질 수 없는 사이
알잖아 I'm not a poser
혹시라도 잘못돼도 절대 너를 탓하지 않아
그게 어디라도 Wanna be there
타 버리고 파 너의 사랑은 So sunny yeah
사라져도 사라져도
다 버리고 파 너만 있다면 No worry yeah
알잖아 It should be you
So I'LL RUN TO YOU
So I'LL RUN TO YOU
선을 넘는 거래도 Over and over
다쳐도 괜찮아 I'LL RUN TO YOU
So I'LL RUN TO YOU
A little bit little bit (Young)
A little bit little bit (Young)
A little bit little bit
알지 나의 Style
네가 어떤 너래도 Over and over
다쳐도 괜찮아 I'LL RUN TO YOU
No no that's ok that's ok 누가 뭐래도
No 괜찮아 아플 거래도
상관없어 멋대로 생각해도 돼
막지 못해 널 사랑하기 때문에
So I'LL RUN TO YOU
So I'LL RUN TO YOU
선을 넘는 거래도 Over and over
다쳐도 괜찮아 I'LL RUN TO YOU
So I'LL RUN TO YOU
A little bit little bit (Young)
A little bit little bit (Young)
A little bit little bit
알지 나의 Style
네가 어떤 너래도 Over and over
다쳐도 괜찮아 I'LL RUN TO YOU]"
19,6147863,STAYC(스테이씨),"[SAME SAME
우리 둘의 마음은 같아
달라질 건 없을 것 같아
애써 시간만 끌어 봤자
Baby I don't wanna waste my time
그래 우린 SAME SAME
I know I know 빨리 말해줘
감추려고 해도 티가 나는 걸
아닌 척하느라 바쁘네
헛수고야 cause I know already
갑자기 손을 잡아도 좋아
눈빛으로 대신해도 좋아
그게 꼭 말이 아니면 어때
Baby boy you better hurry up
SAME SAME
우리 둘의 마음은 같아
달라질 건 없을 것 같아
애써 시간만 끌어 봤자
Baby I don't wanna waste my time
그래 우린 SAME SAME
참 못 말려 나도 참 못돼
No never 내가 먼저 말 못 해
Please 오해하지 말고 들어 get it right
솔직히 나 답답해서 죽겠어
갑자기 날 안아줘도 좋아
분위기로 대신해도 좋아
그게 꼭 말이 아니면 어때
Baby boy you better hurry up
SAME SAME
우리 둘의 마음은 같아
달라질 건 없을 것 같아
애써 시간만 끌어 봤자
Baby I don't wanna waste my time
쉽지 않은 거 나도 아는데
(Listen my boy)
먼저 다가와 줘 네가 먼저 말해줘
Same oh same oh same 똑같은 맘인데
No way no way no 먼저 말 못 해
오래오래 못 기다려줘
Better hurry up oh 우린 이미 똑같아
Same oh same oh same 똑같은 맘인데
No way no way no 먼저 말 못 해
오래오래 못 기다려줘
STAYC girls it's going down]"
20,6147864,STAYC(스테이씨),"[You got me you got me you got me
I'll never take you nowhere nowhere
널 내 곁에만 둘래 몰래
너와 이렇게 24/7 with you
그대로 24/7 with you
Got me goin' goin'
너만의 baby
Oh 길들여졌어
Can't nobody be like you
I know that can't nobody be like you
시간이 흐른대도
어디에 있다 해도
계속 네 곁에 with you
손을 놓지 않을게
너도 같은 마음인 듯해 My baby
You shouldn't go
Baby tell me what you want
Whatever you want
모두 이뤄줄게 baby
네가 원하는 것
갖고 싶은 것
Oh 내게만 말해줄래
널 위해 준비한 선물
너 아닌 그 누구도 모를
네가 원하는 것
갖고 싶은 것
My 24/7 24/7 you
You're so You're so
Different different
24/7 with you
24/7 with you
시간은 넘쳐나
기분은 뭐랄까
어디로든 떠날까
밤이 오고 해가 뜰 때까지
계속 달려도 괜찮아
도망가자 지금 아주 먼 데로
저 멀리 Montero
우리를 알아보는 사람
없는 곳으로
You got me you got me you got me
시간이 멈춘대도
모두가 다 변해도
계속 네 곁에 with you
손을 놓지 않을게
너도 같은 마음인 듯해 My baby
You shouldn't go
Trippin' look what you started it
Keep on nothing cannot stop me
하루 종일 보고 있어도 전혀 안 지겨워
Want it all want it all 아이처럼
Dream on you trip on you
맘에 반쪽 아닌 전부를 다 줘
색안경은 벗고 날 봐줘 deep inside me
Baby tell me what you want
Whatever you want
모두 이뤄줄게 baby
네가 원하는 것
갖고 싶은 것
Oh 내게만 말해줄래
널 위해 준비한 선물
너 아닌 그 누구도 모를
네가 원하는 것
갖고 싶은 것
My 24/7 24/7 you
Baby Baby
널 내 곁에만 둘래 몰래
너와 이렇게 24/7 with you
그대로 24/7 with you
Got me goin' goin'
너만의 baby baby
이렇게 24/7 with you
영원히 24/7 with you]"
21,6147865,STAYC(스테이씨),"[My love's so young I'm young 달콤한 나이
너만 바라볼 순 없어 na na na na
Cold I'm cold 깜깜한 밤
아름답긴 해도 따뜻하진 않아
Ooh ooh ooh ooh
겉으로만 나 멀쩡한 거 일지도
Ooh ooh ooh ooh
쨌든 baby I'm sorry for my YOUNG LUV
몰라도 돼 복잡한 나의 태도
떠나도 돼 It doesn't really matter
혼자 몰래 눈물 흘리게 돼도
절대로 변하지 않아 you'll never know
상처만 남고서 무너져 fallin
떠올리고 싶지 않아 no no no
나빠도 괜찮아 do it just for me
잘 들어둬 you gotta know that
My love's so young I'm young 달콤한 나이
너만 바라볼 순 없어 na na na na
Cold I'm cold 깜깜한 밤
아름답긴 해도 따뜻하진 않아
Ooh ooh ooh ooh
겉으로만 나 멀쩡한 거 일지도
Ooh ooh ooh ooh
쨌든 baby I'm sorry for my YOUNG LUV
말론 늘 모든 걸 전부 줄 것처럼 해
흔들리지 않아
I'm strong
어설프게 다가와서 사랑인 척해
다시 나는 속지 않아 you know I'm so bad
혼자만 남겨져 눈물이 fallin
기억하고 싶지 않아 no no
아프기 싫잖아 do it just for me
잘 들어둬 you gotta know that
My love's so young I'm young 달콤한 나이
너만 바라볼 순 없어 na na na na
Cold I'm cold 깜깜한 밤
아름답긴 해도 따뜻하진 않아
만약에 만약에 내가 정말
다시 돌아갈 수 있을까 처음 봐
차갑게 차갑게 식은 내 맘
Don't you act like you don't know at all
My love's so young I'm young 달콤한 나이
너만 바라볼 순 없어 na na na na
Cold I'm cold 깜깜한 밤
아름답긴 해도 따뜻하진 않아
Ooh ooh ooh ooh
겉으로만 나 멀쩡한 거 일지도
Ooh ooh ooh ooh
쨌든 baby I'm sorry for my YOUNG LUV]"
22,6147866,STAYC(스테이씨),"[BUTTERFLY
그 어떤 별보다도 빛나는 너를
BUTTERFLY
날 밝혀주는 작은 빛 little love
It's you
아무런 이유 없어
널 사랑했던 건
빛이 눈부셔서
Ooh yeah
이유가 되어줬어
너란 존재만으로
저 하늘을 꿈꾸게 했어
My little love little love stay
Cause you know my
You know my way
수많은 구름들 사이
널 찾을 수 있게
Who knew
Oh 언제든 어디서든
널 알아볼 수 있게
그 모습 그대로
Fly ooh
BUTTERFLY
그 어떤 별보다도 빛나는 너를
BUTTERFLY
날 밝혀주는 작은 빛 little love
It's you
일상이 됐어
널 기억하는 것
상상하는 것 하나하나 다
I'm just thinkin 'bout you
I'm crazy 'bout you
밤새 그저 바라볼
새까만 우주 속에 불빛
왠지 너를 닮은 작은 Satellite
Oh stay
Cause you know my
You know my way
짙어진 하늘 그 사이
널 찾을 수 있게
Who knew
Oh 언제든 어디서든
널 찾아낼 수 있게
그 모습 그대로
Shine bright
흩날리는 조각 잎과 바람들 and you
아름다운 날갯짓으로
그저 눈부시게 높이 날아줘 my love
너와 나의 세상 속에서
BUTTERFLY
저 구름 위의 별처럼 빛난다면
I know baby it's you
BUTTERFLY
날 밝혀주는 작은 빛 little love
It's you
BUTTERFLY
You're all mine
BUTTERFLY]"
23,32550557,김연지,"[그날은 생일이었어 지나고 보니
나이를 먹는다는것 나쁜 것만은 아니야
세월의 멋은 흉내낼 수 없잖아
멋있게 늙는 건 더욱 더 어려워
비오는 그날 저녁 Cafe에 있었다
겨울 초입의 스웨터 창가에 검은 도둑고양이
감당 못하는 서늘한 밤의 고독
그렇게 세월은 가고 있었다
아름다운 것도
즐겁다는 것도
모두다 욕심일 뿐
다만 혼자서 살아가는 게
두려워서 하는 얘기
얼음에 채워진 꿈들이
서서히 녹아 가고 있네
혀끝을 감도는 whisky on the rock

모르는 여인의 눈길 마주친 시선의 이끌림
젖어 있는 눈웃음에 흐트러진 옷사이로
눈이 쫓았다 내 맘 나도 모르게
차가운 얼음으로 식혀야 했다
아름다운 것도
즐겁다는 것도
모두다 욕심일 뿐
다만 혼자서 살아가는 게
두려워서 하는 얘기
얼음에 채워진 꿈들이
서서히 녹아 가고 있네
혀끝을 감도는 whisky on the rock
아름다운 것도
즐겁다는 것도
모두다 욕심일 뿐
다만 혼자서 살아가는 게
두려워서 하는 얘기
얼음에 채워진 꿈들이
서서히 녹아 가고 있네
혀끝을 감도는 whisky on the rock]"
24,32550558,헤이즈(Heize),"[어느 차가운 밤 
너를 첨 본 그날처럼
가슴에 내려앉았지

귓가에 울리던 
마지막 너의 인사에
따뜻한 목소리 잔잔히 맴도네

바람이 불던 날
걸었던 그 거리에선
따뜻한 기억이 남아

너에게 부족한 
나란 걸 알고 있기에
초라한 눈물에 너를 흘려 보내

안녕 나의 사랑 그대여
돌아온다던 그댈 이렇게 기다리고 있어
시간이 더 지난 뒤에도 기억한다면
그대와 함께 행복하고 싶어

가로등 밑에서 
나눴던 우리 사랑은
빛나는 기억이었지

말없이 눈물이 
내 맘에 흘러내릴 때
너와의 기억도 지워졌으면 해

안녕 나의 사랑 그대여
돌아온다던 그댈 이렇게 기다리고 있어
시간이 더 지난 뒤에도 기억한다면
그대와 함께 행복하고 싶어

시간이 지나서 언젠가 우리
환하게 미소 지을 수 있을 그날들로

오 
영원한 나의 사랑
오 
언제까지나 너를 기다릴게]"
25,32550559,10CM,"[너의 앞에 내가 서 있어
내 눈앞에 네가 서 있어 나나나
모든 걸 다 주고 싶은 마음
for love
for love
for love

너의 눈을 보고 있으면
따스해진 봄날 같아져 나나나
너 하나로 행복해지는 하루
for love
for love
for love

오오오
내 곁에 오랜 시간
있어 준 단 한 사람
사랑해 너뿐이야
난 오직 너야
내가 사는 이유
세상에 단 한 사람
너만이 내 운명이니까
나른하게 미소 지어져
너의 손을 잡고 있으면 너의 온기가
나의 슬픈 마음을 감싸줘
for love
for love
for love

오오오
슬픔은 이제 안녕
너와 난 함께잖아
사랑해 너뿐이야
난 오직 너야
내가 사는 이유야
세상에 단 한사람
너만이 내 운명이니까
다라다라다다

I wanna be with you
I gotta see you
I'm falling in love
love love love with you
I wanna be with you
I gotta see you
I'm falling in love
love love love with you
별빛이 쏟아지듯
내게 다가와
나의 마음속으로
세상에 단 한 사람
너만이 내 운명이니까
너만이 내 사랑이니까]"
26,32550560,지민,"[I wanna be with you
And I wanna stay with you
Just like the stars shining bright
You're glowing once more
Right here beside you I'm still
Walking wherever you go
You will live forever in me
Breathing deeply within me
Just take it all
I'm nothing without your love
I promise I'll never leave your love
My heart is beating 'cause of you
Forever and ever and ever
Only you can take my heart
Dear my love love love
I wanna stay with you
추억은 늘 여기 마음이란 방에
너와의 얘기들로 가득 차 있어
언제부터였는지 나도 잘 모르지만
너에게 말하고 싶어 나의 모든 얘기를
Just take it all
I'm nothing without your love
I promise I'll never leave your love
My heart is beating 'cause of you
Forever and ever and ever
Only you can take my heart
Dear my love love love
I wanna stay
Tore my heart
Now I'm in the dark
Will we meet in our dreams
Breaking my heart
Here we are apart
I wanna stay near you]"
27,32550561,다비치,"[어느 하루의 햇살처럼
따뜻한 봄이 내게 오듯
그대 나에게 온 그날이 생각나
그때가 문득 생각나
슬퍼서 아파서 미워서 그리워서
그 언젠가 꿈속에 그대 찾아와 줄 건가요
여전히 그대를 기다리는 슬픈 나를
기억해 줘요
계절을 따라 지나가듯
오늘도 나는 이곳에서
오늘 하루도 그댈 생각하면서
글썽이는 날 알까요
슬퍼서 아파서 미워서 그리워서
그 언젠가 꿈속에 그대 찾아와 줄 건가요
여전히 그대를 기다리는 슬픈 나를
기억해 줘
추억이 참 많아서
더욱 그리운 걸까
그대 이름을 혼자 되뇌어본다
바람이 불어와 눈물을 마르게 해
내 마음이 닿을 때까지 멈추지 않겠지만
언젠가 우리가 다시 만날 그날 위해
기다릴게요]"
28,6169762,STAYC(스테이씨),"[STAYC girls it's going down 

Anyway yeah 네가 필요해 yeah
마치 퍼즐 같긴 해도 it's ok
너를 떠올리는 향기는 so blue yeah eh
너만이 알 수 있는 뜻

Sweet 한 네 attitude
달콤한 얘기도
따사로운 햇빛도 
가끔은 차가워 cause I do 
널 안고 있어도
I'm so cold

사랑이라는 이름의 용기가 필요해

Yes I know yeah 넌 BEAUTIFUL MONSTER
넌 날 아프게 하고 또 치료해 
Yes I know yeah 넌 BEAUTIFUL MONSTER
Love is ooh ooh love is ooh ooh

단 한 번만이라도 please be a man yeah eh
머릿속 하얘지려 해 

This is not a game
This is not a show
혼자 꾸는 행복한 이 꿈
복잡해 you better ready or not
답답해 because you out of control

Sweet한 네 attitude
달콤한 얘기도
따사로운 햇빛도
가끔은 차가워 cause I do
널 안고 있어도
I'm so cold

사랑이라는 이름의 용기가 필요해

Yes I know yeah 넌 BEAUTIFUL MONSTER
넌 날 아프게 하고 또 치료해 
Yes I know yeah 넌 BEAUTIFUL MONSTER
Love is ooh ooh love is ooh ooh

그래 넌 MONSTER told you I wonder 
Ooh ooh ooh ooh ooh
What do you call me 
What is me out there 
Ooh ooh ooh ooh ooh

Yes I know yeah 넌 BEAUTIFUL MONSTER
넌 날 아프게 하고 또 치료해 
Yes I know yeah 넌 BEAUTIFUL MONSTER
Love is ooh ooh love is ooh ooh]"
29,6169763,STAYC(스테이씨),"[햇살은 눈부셔
I got my shades on
공기는 포근해
The ocean is so blue
You know I like the feel
모든 걸 맡긴 채 
That's right yeah I LIKE IT I LIKE IT yeah

꾸미지 않아도 괜찮아 what
멋부리지 않아도
지금 좀 급하다고
편하게 입고서 hurry

어딘가 멀리 떠나자 빨리
We need a little break yeah
모두 다 잊고서
잠깐 숨을 돌려

답답해 a lot of stress
모든 걸 내려놀 때 yeah
자유는 바로 옆에
우리가 느끼는 곳에

아무 방해 없는 곳으로 just dive in
And then just turn off the phone
아무 생각 말고

햇살은 눈부셔
I got my shades on
공기는 포근해
The ocean is so blue
You know I like the feel
모든 걸 맡긴 채 
That's right yeah I LIKE IT I LIKE IT yeah

Open the windows 속도는 low low
상쾌한 바닷가 바람 한적한 도로
특별할게 없어도 시간을 내
절대 망설이지 마 you gotta go on

또 가끔은 좀 아무것도 안 하는 게
필요할 때가 있어 다들 착각을 해
너무 많은 생각 you're gonna burn out
You know it's the time 
You better go out

너무 팽팽
그래 everyday
느슨하게 좀 let's chill and refresh
너무너무 먼 미래는 아직 몰라도 돼  
Ain't nobody's perfect

시간은 또 달아나
아무리 발버둥을 쳐봤자 ay
모든 건 뜻대로 되지 않아
괜찮아 네 탓이 아니잖아

햇살은 눈부셔
I got my shades on
공기는 포근해
The ocean is so blue
You know I like the feel
모든 걸 맡긴 채 
That's right yeah I LIKE IT I LIKE IT 

STAYC 

Telling you boys and girls 
This is just how we do
Want you to know you know that
This is just how we do

Telling you boys and girls 
This is just how we do
Want you to know you know that
This is just how we do]"
30,6169764,STAYC(스테이씨),"[꿈을 꾸는 게 그래
네게서 벗어나질 못하는 중
이별 그게 그래 누군가는
아파하며 시작해
어려워서 난 난 그래
아직 몰라서 난 난 그래
오 난 그래
사랑이 내겐 늘 왜 그리 그리 어려운지

Yeah it's a hard thing
Like it's not me
너무나 힘들어 내가 아닌 것 같아
달콤한 것만 내꺼 아픈 건 누가
좀 대신해 줘 boy I don't wanna say goodbye

Like this 아직까지
I feel 간직하지
그래 너무나 서툴러 like I'm 16
아직도 와닿지 않아 never easy

누굴 만나도 영원할 순 없겠지만
언제나 잊혀 질까요
보고 싶다 
이런 내 맘을 아나요
근데 돌아가기엔 너무 멀어 보여요

따라람다람담 
따라람다람담
따라람다람담

Don't forget me
가슴이 뛰면
난 순간에 널 떠올릴 거야
Don't forget me
눈을 감으면
노래하고 춤을 추는 우리가 보이니

누굴 만나도 영원할 순 없겠지만
언제나 잊혀 질까요
보고 싶다
이런 내 맘을 아나요
근데 돌아가기엔 너무 멀어졌네요

따라람다람담 
따라람다람담

가득 날리던 꽃들과
널 보고 오는 이길
파란 바다 위에 
새겨놓은 우리 얘기가
부서지고 있어 

LOVE

STAYC]"
31,6169765,STAYC(스테이씨),"[RUN

Told you not 또 괜한 기대
겉으론 걱정해 난 안 바뀌네
또 가끔 말을 막 해 너무 딱해
헛소리들 나는 안 들리네 no oh yeah
  
Told you 난 so always b day
겉으론 내 편인데 못해 이해
그 참견들은 가짜 나는 바빠
어떻게 해도 나는 안 들리네 no no oh 

타 버리고 파 너의 사랑은 so sunny yeah
사라져도 사라져도
다 버리고 파 너만 있다면 no worry yeah
알잖아 It should be you

So I'LL RUN TO YOU 
So I'LL RUN TO YOU 
선을 넘는 거래도 over and over
다쳐도 괜찮아 I'LL RUN TO YOU

So I'LL RUN TO YOU 

A little bit little bit (Young)
A little bit little bit (Young)
A little bit little bit 
알지 나의 Style 

네가 어떤 너래도 over and over
다쳐도 괜찮아 I'LL RUN TO YOU

JJ 
물불 안 가리는 type
I never 절대로 도도
망가질 수 없는 사이
알잖아 I'm not a poser

혹시라도 잘못돼도 절대 너를 탓하지 않아
그게 어디라도 wanna be there

타 버리고 파 너의 사랑은 so sunny yeah
사라져도 사라져도
다 버리고 파 너만 있다면 no worry yeah
알잖아 It should be you

So I'LL RUN TO YOU 
So I'LL RUN TO YOU 
선을 넘는 거래도 over and over
다쳐도 괜찮아 I'LL RUN TO YOU

So I'LL RUN TO YOU 

A little bit little bit (Young)
A little bit little bit (Young)
A little bit little bit 
알지 나의 Style 

네가 어떤 너래도 over and over
다쳐도 괜찮아 I'LL RUN TO YOU

No no that's ok that's ok 누가 뭐래도
No 괜찮아 아플 거래도

상관없어 멋대로 생각해도 돼
막지 못해 널 사랑하기 때문에

So I'LL RUN TO YOU 
So I'LL RUN TO YOU 
선을 넘는 거래도 over and over
다쳐도 괜찮아 I'LL RUN TO YOU

So I'LL RUN TO YOU 

A little bit little bit (Young)
A little bit little bit (Young)
A little bit little bit
알지 나의 Style 

네가 어떤 너래도 over and over
다쳐도 괜찮아 I'LL RUN TO YOU]"
32,32550562,최성권,[]
33,32550563,최성권,[]
34,32550564,최성권,[]
35,32550565,김지수,[]
36,32550566,이이삭,[]
37,32550567,김지수,[]
38,32550568,김지수,[]
39,32550569,문희원,"[hold on
hold your eyes
something better
hold me matter now

somewhere
find my hidden self
i need so brave but i'm so scare
please stay with me hmn

I will be fine
I'm totally fine
Don't leave me whatever do
I will be fine
i'm totally fine
hold my hands whenever do
(Hmm)

Sunlight
shines on me
I'll never forget your voice
I won't forget your eyes

I will be fine
I'm totally fine
Don't leave me whatever do
I will be fine
i'm totally fine
hold my hands whenever do

I will be smile
I'm finally smile
I can see you when i close my eyes
I will be smile
I can feel your smile
Take me to where you are right now]"
40,32550570,김지수,[]
41,32550571,브금대통령,[]
42,32550572,태연 (TAEYEON),"[푸른 바다 저 너머에
내가 찾고 싶은 게 있을까
우린 항상 왜
서로를 놓치고 나서야 후회할까

저무는 저 태양 속에
내가 갖고 싶은 게 있을까
나는 항상 왜
이미 행복할 너를 그리워할까

사라지지 마 이렇게
어린 나를 기억할게
긴 시간이 흘러도
우리의 세상 안에 머물게

흩어지는 구름 속에
내가 잊고 있던 게 있을까
너는 항상 왜
조각으로 남아 떠나지 못할까

우리 거리는 멀어져
다시 좁히려고 해도
난 여전히 제자리
다가설 수가 없어 너에게

이미 내가 잃어버린 시간을
붙잡고 놓지 못해
언젠가 나를 찾는 날 웃어야 할 텐데

다시 만날 수 있기를
너를 위해 기다릴게
긴 시간이 흘러도
우리의 세상 안에 머물게]"
43,32550573,멜로망스(MeloMance),"[그대 나의 마음이 들리나요
나의 사랑은 그댈 향해 있죠
바라보면 항상 꽃이 피듯 향기로워요
언제나 내 맘에 살아요
아름다운 그대 모습은
매일 꿈만 같아요
밤하늘의 빛나는 저 별처럼
설레이는 그대 향기가
내게 전해질 때면
나는 행복해져요
나도 모르게 나의 마음엔
그대가 전부인 거죠
오오오 나에게는 하나뿐인
소중한 나만의 사랑이죠
나를 사랑으로 채워 주네요
나를 행복하게 만들어 줘요
그대만이 내게 행복인 걸요
나에겐 그대뿐이에요
언제부턴지 알 수 없지만
사랑이 피어난 거죠
오오오 바라보는 눈길마다 특별해지네요
고마워요
나를 사랑으로 채워 주네요
나를 행복하게 만들어 줘요
그대만이 내게 행복인 걸요
나에겐 그대뿐이에요
이런 게 바로 사랑인 거죠
나나나나나나나나나나나나나
아름다운 그대 모습은
매일 꿈만 같아요
밤하늘의 별처럼 빛이 나요
설레이는 그대 향기가
내게 전해진다면
나는 행복해져요
나는 그대뿐이죠]"
44,32550574,STAYC(스테이씨),"[쏟아지는 밤하늘의 별
하나하나 세다 지칠 때까지
날 따라오는 달을 보다가
잠이 들어도 좋아

향기로운 저 꽃잎처럼
피어나는 추억이 그리워
구름을 따라 흘러가듯이
우리 다시 또 만날 수 있을 것 같아

함께 바라보던 저 밤하늘에
저 별빛이 우릴 비춰주면
가만히 눈감아 미소 지었던
그때가 아직도 그리워져
매일 마음이 닿는 거리에
걸음을 따라 움직였었지
괜히 또 눈물 나나 봐 나의 소중한 그날

쏟아지는 밤하늘의 별
하나하나 세다 지칠 때까지
날 따라오는 달을 보다가
잠이 들어도 좋아

향기로운 저 꽃잎처럼
피어나는 추억이 그리워
구름을 따라 흘러가듯이
우리 다시 또 만날 수 있을 것 같아

계절이 변해도 떠오르나 봐
너와 걷던 이 길 풍경까지
그것만으로도 나는 행복해
좋은 추억만을 남겨줘서

기분 좋은 바람이 불어와
좋은 향기가 나를 스치면
그때 기억이 살아나 미소 지어진 이 밤

잊지 못할 밤하늘의 별
하나하나 눈에 담을 때까지
난 기억할게 나의 그때를
서투른 추억 영원토록 간직할게

까만 밤하늘에
밝은 별이 뜨면
너를 생각할게
행복했었던 기억들을
모두 모아서 너에게 선물할게]"
45,32550575,펀치 (Punch),"[길을 잃어 우린 헤메이죠
빛을 잃은 푸른 별빛처럼
I don't Know 어딘지 몰라
어둠속 널 찾을수 없어
I don't Know 넌 어디 있니
네가 있는 그곳
너를 찾고 있어

bye bye
I don't wanna cry
나의 곁엔 네가 필요해
돌아와
bye bye
I don't wanna cry
슬프도록 아름다웠던
너를 돌려놔 오
(don't leave me don't leave me)
떠나가지마
please tell me why
(don't for get me don't for get me)
잊어가지마
I give you my heart

흩어지는 슬픈 꽃잎처럼
너의 미소 이젠 사라지네
I don't Know 어딘지 몰라
어둠 속 널 찾을 수 없어
I don't Know 넌 어디 있니
네가 있는 그곳
너를 찾고 있어

bye bye
I don't wanna cry
슬프도록 아름다웠던
너를 돌려놔 오
(don't leave me don't leave me)
떠나가지마
please tell me why
(don't for get me don't for get me)
잊어가지마
I give you my heart

언젠가는
다시 만날 그날 위해
기다릴게 올 때까지
til the day
나에게 돌아와 줘

still I want you
한 번만 널 안을 수 있게 해 줄래
I just can't let go
하루만 내게
I'm still getting over you]"
46,32550576,윈터 (WINTER),"[I just want to talk about you ye
별이 뜨는 것처럼
너는 빛이 난다고

무지개가 뜨는 곳에
너와 함께 난 달려갈게 alright
I'm trying to realize

Follow
서로에게 전해지는 위로
따스해져가는 그 손길로
변함없이 나는 여기 over

Alright
You
I will still be here once again
You

햇살이 빛나도록 비추고 있어
우린 서로 지켜줄거야
Oh You

Cuz I'm in love with you
너와 내가 꿈꾸던 그곳
언젠가는 갈거야

너의 손을 잡고서
수많았던 후회들로
아파했던 날들 속에 When
you believe somehow you will

Follow
서로에게 전해지는 위로
따스해져가는 그 손길로
변함없이 나는 여기 over

Alright
You
I will still be here once again
You

햇살이 빛나도록 비추고 있어
우린 서로 지켜줄거야

Oh You
Cuz I'm in love with you

달라져 매일
가쁘던 숨이
지금은 편안해져

어깨 위 짐이
무거워 많이
이제는 잠시

눈을 감아 날 떠올려봐
희망의 빛으로 너에게
I can be with you
나의 손 잡을래

Alright
You
I will still be here once again

You
햇살이 빛나도록 비추고 있어
우린 서로 지켜줄거야

Oh You
Cuz I'm in love with you]"
47,32550577,손주광,[]
48,32550578,김지수,[]
49,32550579,김지수,[]
50,32550580,최성권,[]
51,32550581,손주광,[]
52,32550582,브금대통령,[]
53,32550583,김지수,[]
54,32550584,김지수,[]
55,32550585,최성권,[]
56,32550586,김지수,[]
57,6127798,STAYC(스테이씨),"[Sometimes 바로 옆에 있는 것만 같아
왜 난 아직도 너를 못 잊어 Baby hmm hmm
눈에서 멀어져 마음속에서도 없어져
내 얘긴 아닌 듯해
Yeah yeah 한 번은 새까맣게 잊었다고 생각했어
정말로 이 정도면 괜찮아질 때가 됐어
그러다 누군가가 다시 두근거리게 해
그때 꼭 네 생각이 나 끝나버리게 돼 My baby
Someday someday 다시 사랑을 원해
So sweet love 달콤하고파
My my my complex my complex
너 때문에 No I can't
난 아직도 잘 지내지 못해 No more oh
Complex my complex
너 때문에 No I can't
난 아직도 행복하지 못해 No more oh
달콤한 사랑을 난 처음 알았죠 (So baby)
정말로 대단했어 너란 사람도 (I need you boy)
어쩌면 원하는지도 (I miss you boy)
다시 돌아와 주기를 (I know)
You're never coming back
Not coming back
뭐래도 뭐래도
가끔 뿌리치곤 해 너만큼
멋지다 해도
억지로 하는 거 난 못해
You said I'm sorry
그래 정말 너는 나빠
Oh baby 근데 왜 그리워할까
My my my complex my complex
너 때문에 No I can't
난 아직도 잘 지내지 못해 No more oh
Complex my complex
너 때문에 No I can't
난 아직도 행복하지 못해 No more oh
Sometimes 바로 옆에 있는 것만 같아
왜 난 아직도 너를 못 잊어 Baby yeah yeah
눈에서 멀어져 마음속에서도 없어져
그게 언제쯤일까
My my my complex my complex
너 때문에 No I can't
난 아직도 잘 지내지 못해 No more oh
Complex my complex
너 때문에 No I can't
난 아직도 행복하지 못해 No more oh]"
58,6102052,STAYC(스테이씨),"[You stole my heart
내 맘을 뺏지
I need your love
사랑의 Patch가
필요해 니 옆에
불러줘 And I’ll never go away
마음속에 모든 걸
다 보여주면 서툴러
철이 없다 해도 괜찮아 난
그게 좋아
Baby 아무리 밀어내도
변하지가 않는 걸
너를 좋아하는 건 분명
어쩔 수 없는 걸
정말야 I want you SO BAD
난 니가 필요해 yeah
내 내 내 내 내 머리 머리 내 머릿속이
너로 가득해 Baby
첨부터 I want you SO BAD
멈출 수 없어 절대
내 내 내 내 내 맘이 맘이 내 맘이 아파
너땜에
Never never never never never
숨기지 못해
난 nah nah nah nah nah nah nah
달라져 또 밀고 당기는 거
한다고 더 내 맘 잘 알아줘
How do you think
How do you think yeah yeah
STAYC girls it’s going down
눈으로만 모든 걸
다 알 수 없어 섣불러
잘못 봤다 해도 괜찮아 난
니가 좋아
Baby 아무리 밀어내도
변하지가 않는 걸
너를 좋아하는 건 분명
어쩔 수 없는 걸
정말야 I want you SO BAD
난 니가 필요해 yeah
내 내 내 내 내 머리 머리 내 머릿속이
너로 가득해 Baby
첨부터 I want you SO BAD
멈출 수 없어 절대
내 내 내 내 내 맘이 맘이 내 맘이 아파
너 땜에
솔직히 난 사랑을 잘 몰라
그래서 겁이 나 그래도 난 좋아
서투른 내 맘을 알아줘 Baby
모른 척 떠나지 말아줘
You’ve got a feeling
You know you’ve got that feeling
I want you SO BAD
You stole my heart
맘을 뺏겼지
I need your love
니 맘도 같길
I want you bad
yeah so bad
불러줘 And I’ll never go away
정말야 I want you SO BAD
정말야 I want you SO BAD
첨부터 I want you SO BAD
정말야 I want you SO BAD]"
59,6102051,STAYC(스테이씨),"[Fell in love
살며시 눈을 감아 떠오르면
I fell in love
한 순간도 놓칠 수가 없는 걸 oh
잠시 눈을 떴을 때
나를 바라 봐줘요
깜깜한 이곳을 비춰줘
아침이 다가올 땐
손에 두고 가줘요
아쉬운 마음 알잖아요
빛나던 우릴
영원히 남겨 둘 거야
끝없던 우릴
영원히 담아 둘 거야
난 이렇게
아직 사랑을 잘 몰라
그리운 걸까요 woo
사랑은 원래 이렇게 아픈 건가요
원래 그런 걸까요
사랑은 약속이 아닌 걸 알아요 My star
꿈같은 기분은 별수가 없는가 봐요
지금 내 하루의 모든 걸 들려줄 수는 없지만
하얗게 하얗게 하얗게 멍
잠시 눈을 떴을 때
나를 바라 봐줘요
깜깜한 이곳을 비춰줘
아침이 다가올 땐
손에 두고 가줘요
아쉬운 마음 알잖아요
빛나던 우릴
영원히 남겨 둘 거야
끝없던 우릴
영원히 담아 둘 거야
난 이렇게
아직 사랑을 잘 몰라
그리운 걸까요 woo
사랑은 원래 이렇게 아픈 건가요
원래 그런 걸까요
The stars are shining in my heart
The stars are shining in my heart
Oh baby stars fall on my heart
The stars are shining in my heart
The stars are shining in my heart
Oh baby stars fall on my heart
빛나던 우릴
영원히 남겨 둘 거야
끝없던 우릴
영원히 담아 둘 거야
난 이렇게
아직 사랑을 잘 몰라
그리운 걸까요 woo
사랑은 원래 이렇게 아픈 건가요
원래 그런 걸까요]"
60,101879128,STAYC(스테이씨),[]
61,101879129,STAYC(스테이씨),[]
62,96481762,STAYC(스테이씨),[]
63,96481763,STAYC(스테이씨),[]
64,6127797,STAYC(스테이씨),"[멋대로 군다고 할지 몰라
하지만 알아줘 날
서로를 아직 잘 몰라
어색하기도 해
사랑이 갑자기 되지 않아
난 그게 쉽지가 않아
두려워서 그래
Yeah you know that
모든 건 변하듯 지금 네 맘
변할지 몰라 장담하지 마
너무나 빠른 시작
빨리 끝나게 돼 Oh oh
진심이 아니라고 해
No no 완전히 오해
사랑이 돼줄래 원해 나도
천천히 해줄래 Yeah I want
꽃잎이 날리듯 바람이 불어와
그렇게 내 맘속에 들어와 나도 몰래
망설이지 마 But 서두르지도 마 No no
천천히 Slow down baby
나도 싫지 않아 네가
천천히 Slow down baby
솔직히 좀 좋아 네가
But 조금만 조금만 조금만 더 Slow down
가끔 네 생각이 나 나 나 나 나
자기 전에 나도 몰래 나 나 나 나 나
이건 혼자만의 비밀 나 나 나 나 나
혹시 알아도 모른척해
약속해 줄래 Right now
꽃잎이 날리듯 바람이 불어와
그렇게 내 맘속에 들어와 나도 몰래
망설이지 마 But 서두르지도 마 No no
천천히 Slow down baby
나도 싫지 않아 네가
천천히 Slow down baby
솔직히 좀 좋아 네가
But 조금만 조금만 조금만 더 Slow down
I don't wanna play a game
Let me be your little babe
늘 바라보기만 해도 기분 좋은 사람 그게
영원히 내가 되길
But you gotta know 혼자 애가 타네
솔직히 좀 급해 차분하게
너의 멋진 모습을 하나하나 다 보고 싶어
You know haste makes waste (Yeah)
다가와 줄래
조심스럽게 Woo
놀라지 않게
자연스럽게 Woo
다가와 줄래
조심스럽게 Woo
놀라지 않게
자연스럽게 Woo
천천히 Slow down baby
나도 싫지 않아 네가
천천히 Slow down baby
솔직히 좀 좋아 네가
But 조금만 조금만 조금만 더 Slow down
So take it slow hey
So take it slow ho
You need to slow down slow down
천천히 해
Take it slow hey
So take it slow ho
You need to slow down slow down
천천히 해 Yeah]"
